{
  "minecraft:recipes/misc/iron_nugget_from_blasting": {
    "criteria": {
      "has_iron_helmet": "2019-07-27 12:19:37 +0200"
    },
    "done": true
  },
  "minecraft:recipes/building_blocks/prismarine_brick_stairs": {
    "criteria": {
      "has_prismarine_bricks": "2019-07-27 21:40:38 +0200"
    },
    "done": true
  },
  "minecraft:recipes/decorations/prismarine_wall": {
    "criteria": {
      "has_prismarine": "2019-07-27 21:42:36 +0200"
    },
    "done": true
  },
  "minecraft:recipes/transportation/dark_oak_boat": {
    "criteria": {
      "in_water": "2019-07-27 12:20:34 +0200"
    },
    "done": true
  },
  "minecraft:recipes/building_blocks/dark_prismarine_stairs": {
    "criteria": {
      "has_dark_prismarine": "2019-07-27 21:42:32 +0200"
    },
    "done": true
  },
  "minecraft:story/obtain_armor": {
    "criteria": {
      "iron_helmet": "2019-07-27 12:19:37 +0200"
    },
    "done": true
  },
  "minecraft:recipes/building_blocks/dark_prismarine_slab_from_dark_prismarine_stonecutting": {
    "criteria": {
      "has_dark_prismarine": "2019-07-27 21:42:32 +0200"
    },
    "done": true
  },
  "minecraft:recipes/building_blocks/prismarine_slab": {
    "criteria": {
      "has_prismarine": "2019-07-27 21:42:36 +0200"
    },
    "done": true
  },
  "minecraft:recipes/building_blocks/prismarine_stairs_from_prismarine_stonecutting": {
    "criteria": {
      "has_prismarine": "2019-07-27 21:42:36 +0200"
    },
    "done": true
  },
  "minecraft:recipes/building_blocks/prismarine_stairs": {
    "criteria": {
      "has_prismarine": "2019-07-27 21:42:36 +0200"
    },
    "done": true
  },
  "minecraft:recipes/misc/iron_nugget_from_smelting": {
    "criteria": {
      "has_iron_helmet": "2019-07-27 12:19:37 +0200"
    },
    "done": true
  },
  "minecraft:recipes/building_blocks/dark_prismarine_slab": {
    "criteria": {
      "has_dark_prismarine": "2019-07-27 21:42:32 +0200"
    },
    "done": true
  },
  "minecraft:adventure/adventuring_time": {
    "criteria": {
      "minecraft:cold_ocean": "2019-07-27 12:20:56 +0200",
      "minecraft:forest": "2019-07-27 12:19:38 +0200",
      "minecraft:badlands_plateau": "2019-07-27 13:08:22 +0200",
      "minecraft:mountains": "2019-07-27 23:18:29 +0200",
      "minecraft:taiga": "2019-07-27 12:48:05 +0200",
      "minecraft:desert_hills": "2019-07-27 13:07:06 +0200",
      "minecraft:deep_cold_ocean": "2019-07-27 12:21:12 +0200",
      "minecraft:taiga_hills": "2019-07-27 13:05:07 +0200",
      "minecraft:desert": "2019-07-27 13:07:23 +0200",
      "minecraft:deep_frozen_ocean": "2019-07-28 19:00:24 +0200",
      "minecraft:deep_lukewarm_ocean": "2019-07-27 13:15:45 +0200",
      "minecraft:badlands": "2019-07-27 13:08:10 +0200",
      "minecraft:beach": "2019-07-27 12:20:34 +0200",
      "minecraft:river": "2019-07-27 12:20:37 +0200",
      "minecraft:lukewarm_ocean": "2019-07-27 13:08:08 +0200",
      "minecraft:wooded_mountains": "2019-07-27 23:18:42 +0200",
      "minecraft:stone_shore": "2019-07-27 23:18:36 +0200",
      "minecraft:wooded_badlands_plateau": "2019-07-27 13:08:14 +0200",
      "minecraft:savanna": "2019-07-27 13:07:43 +0200",
      "minecraft:plains": "2019-07-27 15:23:33 +0200"
    },
    "done": false
  },
  "minecraft:recipes/decorations/prismarine_wall_from_prismarine_stonecutting": {
    "criteria": {
      "has_prismarine": "2019-07-27 21:42:36 +0200"
    },
    "done": true
  },
  "minecraft:nether/create_beacon": {
    "criteria": {
      "beacon": "2019-07-27 21:34:51 +0200"
    },
    "done": true
  },
  "minecraft:recipes/building_blocks/dark_prismarine_stairs_from_dark_prismarine_stonecutting": {
    "criteria": {
      "has_dark_prismarine": "2019-07-27 21:42:32 +0200"
    },
    "done": true
  },
  "minecraft:recipes/transportation/birch_boat": {
    "criteria": {
      "in_water": "2019-07-27 12:20:34 +0200"
    },
    "done": true
  },
  "minecraft:recipes/misc/diamond": {
    "criteria": {
      "has_diamond_block": "2019-07-27 21:33:27 +0200"
    },
    "done": true
  },
  "minecraft:recipes/decorations/chest": {
    "criteria": {
      "has_lots_of_items": "2019-07-27 21:37:46 +0200"
    },
    "done": true
  },
  "minecraft:recipes/building_blocks/prismarine_brick_slab_from_prismarine_stonecutting": {
    "criteria": {
      "has_prismarine_brick": "2019-07-27 21:40:38 +0200"
    },
    "done": true
  },
  "minecraft:recipes/transportation/acacia_boat": {
    "criteria": {
      "in_water": "2019-07-27 12:20:34 +0200"
    },
    "done": true
  },
  "minecraft:recipes/transportation/oak_boat": {
    "criteria": {
      "in_water": "2019-07-27 12:20:34 +0200"
    },
    "done": true
  },
  "minecraft:recipes/building_blocks/prismarine_slab_from_prismarine_stonecutting": {
    "criteria": {
      "has_prismarine": "2019-07-27 21:42:36 +0200"
    },
    "done": true
  },
  "minecraft:recipes/building_blocks/prismarine_brick_slab": {
    "criteria": {
      "has_prismarine_bricks": "2019-07-27 21:40:38 +0200"
    },
    "done": true
  },
  "minecraft:recipes/transportation/jungle_boat": {
    "criteria": {
      "in_water": "2019-07-27 12:20:34 +0200"
    },
    "done": true
  },
  "minecraft:recipes/building_blocks/prismarine_brick_stairs_from_prismarine_stonecutting": {
    "criteria": {
      "has_prismarine_brick": "2019-07-27 21:40:38 +0200"
    },
    "done": true
  },
  "minecraft:recipes/transportation/spruce_boat": {
    "criteria": {
      "in_water": "2019-07-27 12:20:34 +0200"
    },
    "done": true
  },
  "DataVersion": 1976
}