{"stats":{"minecraft:custom":{"minecraft:time_since_rest":87154,"minecraft:crouch_one_cm":315,"minecraft:play_one_minute":87154,"minecraft:sprint_one_cm":9257,"minecraft:damage_taken":100,"minecraft:walk_one_cm":38366,"minecraft:sneak_time":1525,"minecraft:walk_under_water_one_cm":29292,"minecraft:jump":127,"minecraft:damage_dealt":137,"minecraft:leave_game":41,"minecraft:walk_on_water_one_cm":9506,"minecraft:time_since_death":87154,"minecraft:interact_with_beacon":1,"minecraft:swim_one_cm":25969,"minecraft:fall_one_cm":1440,"minecraft:fly_one_cm":1274264},"minecraft:used":{"minecraft:dark_prismarine":2,"minecraft:lever":1,"minecraft:diamond_block":27,"minecraft:stone_sword":3,"minecraft:dark_prismarine_slab":19,"minecraft:command_block":2,"minecraft:prismarine_bricks":27,"minecraft:prismarine_brick_stairs":1,"minecraft:prismarine":1,"minecraft:stone_button":2,"minecraft:horn_coral_block":11,"minecraft:stone_pressure_plate":1,"minecraft:spruce_sign":6,"minecraft:iron_door":3,"minecraft:beacon":2,"minecraft:prismarine_wall":12},"minecraft:picked_up":{"minecraft:stone_button":1}},"DataVersion":1976}